[{"ID": "R", "URL": "http://google.com/generate_204", "IP_Address": "216.58.207.206", "HTTP_Code": 200, "Location": "http://192.0.2.1/fs/customwebauth/login.html?switch_url=http://192.0.2.1/login.html&ap_mac=00:3a:7d:e7:ab:30&client_mac=9a:3b:6e:30:ce:36&wlan=R-kioski%20WiFi&redirect=google.com/generate_204", "Refresh": "http://192.0.2.1/fs/customwebauth/login.html?switch_url=http://192.0.2.1/login.html&ap_mac=00:3a:7d:e7:ab:30&client_mac=9a:3b:6e:30:ce:36&wlan=R-kioski%20WiFi&redirect=google.com/generate_204"}, {"ID": "RR", "URL": "http://192.0.2.1/fs/customwebauth/login.html?switch_url=http://192.0.2.1/login.html&ap_mac=00:3a:7d:e7:ab:30&client_mac=9a:3b:6e:30:ce:36&wlan=R-kioski%20WiFi&redirect=google.com/generate_204", "IP_Address": "192.0.2.1", "HTTP_Code": 200, "Location": "", "Refresh": ""}]