[{"ID": "R", "URL": "http://google.com/generate_204", "IP_Address": "216.58.207.206", "HTTP_Code": 302, "Location": "https://guest1.cygate.fi:443/sok001/https?cmd=login&mac=9a:3b:6e:30:ce:36&essid=s-guest-free&ip=10.133.0.30&apname=ruoka-tapiola-ap3&apmac=b0%3Ab8%3A67%3Ac9%3A6c%3A8e&vcname=ruoka-tapiola-wlc1&switchip=iap.cygate.fi&url=http%3A%2F%2Fgoogle.com%2Fgenerate_204", "Refresh": ""}, {"ID": "RL", "URL": "https://guest1.cygate.fi:443/sok001/https?cmd=login&mac=9a:3b:6e:30:ce:36&essid=s-guest-free&ip=10.133.0.30&apname=ruoka-tapiola-ap3&apmac=b0%3Ab8%3A67%3Ac9%3A6c%3A8e&vcname=ruoka-tapiola-wlc1&switchip=iap.cygate.fi&url=http%3A%2F%2Fgoogle.com%2Fgenerate_204", "IP_Address": "185.166.28.35", "HTTP_Code": 301, "Location": "https://guest1.cygate.fi/sok001/https/?cmd=login&mac=9a:3b:6e:30:ce:36&essid=s-guest-free&ip=10.133.0.30&apname=ruoka-tapiola-ap3&apmac=b0%3Ab8%3A67%3Ac9%3A6c%3A8e&vcname=ruoka-tapiola-wlc1&switchip=iap.cygate.fi&url=http%3A%2F%2Fgoogle.com%2Fgenerate_204", "Refresh": ""}, {"ID": "RLL", "URL": "https://guest1.cygate.fi/sok001/https/?cmd=login&mac=9a:3b:6e:30:ce:36&essid=s-guest-free&ip=10.133.0.30&apname=ruoka-tapiola-ap3&apmac=b0%3Ab8%3A67%3Ac9%3A6c%3A8e&vcname=ruoka-tapiola-wlc1&switchip=iap.cygate.fi&url=http%3A%2F%2Fgoogle.com%2Fgenerate_204", "IP_Address": "185.166.28.35", "HTTP_Code": 200, "Location": "", "Refresh": ""}]