[{"ID": "R", "URL": "http://google.com/generate_204", "IP_Address": "216.58.207.238", "HTTP_Code": 200, "Location": "", "Refresh": "http://google.com/generate_204&arubalp=e4cf5a7a-49db-4702-bb47-25f59d53fa"}, {"ID": "RM", "URL": "http://google.com/generate_204&arubalp=e4cf5a7a-49db-4702-bb47-25f59d53fa", "IP_Address": "216.58.207.238", "HTTP_Code": 302, "Location": "http://10.22.0.7/cgi-bin/login?cmd=login&mac=9a:99:28:9d:01:3e&ip=10.22.1.152&essid=silmaasema%5Fvierailija&apname=esp-tapiont3-AP1&apgroup=SA_AP_Group&url=http%3A%2F%2Fgoogle%2Ecom%2Fgenerate%5F204", "Refresh": ""}, {"ID": "RML", "URL": "http://10.22.0.7/cgi-bin/login?cmd=login&mac=9a:99:28:9d:01:3e&ip=10.22.1.152&essid=silmaasema%5Fvierailija&apname=esp-tapiont3-AP1&apgroup=SA_AP_Group&url=http%3A%2F%2Fgoogle%2Ecom%2Fgenerate%5F204", "IP_Address": "10.22.0.7", "HTTP_Code": 200, "Location": "", "Refresh": ""}]