[{"ID": "R", "URL": "http://google.com/generate_204", "IP_Address": "216.58.207.238", "HTTP_Code": 200, "Location": "", "Refresh": "http://google.com/generate_204&arubalp=c13016b6-2337-4c72-8737-35bca29340"}, {"ID": "RM", "URL": "http://google.com/generate_204&arubalp=c13016b6-2337-4c72-8737-35bca29340", "IP_Address": "216.58.207.238", "HTTP_Code": 302, "Location": "http://10.100.0.3/upload/custom/ray-cp-guest/Ray-Guest.html?cmd=login&mac=9a:99:28:9d:01:3e&ip=10.10.5.165&essid=ray%2Dguest&apname=ray-ap-082-esp-pelaamo-tapiola-lansituulentie&apgroup=ray-esp-lansituulent12&url=http%3A%2F%2Fgoogle%2Ecom%2Fgenerate%5F204", "Refresh": ""}, {"ID": "RML", "URL": "http://10.100.0.3/upload/custom/ray-cp-guest/Ray-Guest.html?cmd=login&mac=9a:99:28:9d:01:3e&ip=10.10.5.165&essid=ray%2Dguest&apname=ray-ap-082-esp-pelaamo-tapiola-lansituulentie&apgroup=ray-esp-lansituulent12&url=http%3A%2F%2Fgoogle%2Ecom%2Fgenerate%5F204", "IP_Address": "10.100.0.3", "HTTP_Code": 200, "Location": "", "Refresh": ""}]