[{"ID": "R", "URL": "http://google.com/generate_204", "IP_Address": "172.217.20.46", "HTTP_Code": 302, "Location": "https://wifi.espressohouse.se:8843/guest/s/finbutik/?id=a6:e2:2e:00:7c:92&ap=04:18:d6:e0:47:76&t=1558012970&url=http://google.com%2fgenerate_204&ssid=espressohouse", "Refresh": ""}, {"ID": "RL", "URL": "https://wifi.espressohouse.se:8843/guest/s/finbutik/?id=a6:e2:2e:00:7c:92&ap=04:18:d6:e0:47:76&t=1558012970&url=http://google.com%2fgenerate_204&ssid=espressohouse", "IP_Address": "31.216.224.174", "HTTP_Code": 200, "Location": "", "Refresh": ""}]