[{"ID": "R", "URL": "http://google.com/generate_204", "IP_Address": "172.217.21.174", "HTTP_Code": 307, "Location": "https://n39.network-auth.com/splash/?mac=88%3A15%3A44%3AC5%3AED%3AE0&real_ip=192.168.202.167&client_ip=10.137.242.106&client_mac=A6:E2:2E:00:7C:92&vap=3&a=472b07b9fcf2c2451e8781e944bf5f77cd8457c8&b=2341227&auth_version=5&key=8e3d1d25e1f83c456d1aa853cef5cbe92245c4ee&acl_ver=P8136467V2&continue_url=http%3A%2F%2Fgoogle.com%2Fgenerate_204", "Refresh": ""}, {"ID": "RL", "URL": "https://n39.network-auth.com/splash/?mac=88%3A15%3A44%3AC5%3AED%3AE0&real_ip=192.168.202.167&client_ip=10.137.242.106&client_mac=A6:E2:2E:00:7C:92&vap=3&a=472b07b9fcf2c2451e8781e944bf5f77cd8457c8&b=2341227&auth_version=5&key=8e3d1d25e1f83c456d1aa853cef5cbe92245c4ee&acl_ver=P8136467V2&continue_url=http%3A%2F%2Fgoogle.com%2Fgenerate_204", "IP_Address": "209.206.58.85", "HTTP_Code": 302, "Location": "http://splashpage.hm.com/monki/fi/?base_grant_url=https%3A%2F%2Fn39.network-auth.com%2Fsplash%2Fgrant&user_continue_url=http%3A%2F%2Fwww.monki.com%2Ffi&node_id=149624929512928&node_mac=88:15:44:c5:ed:e0&gateway_id=149624929512928&client_ip=10.137.242.106&client_mac=a6:e2:2e:00:7c:92", "Refresh": ""}, {"ID": "RLL", "URL": "http://splashpage.hm.com/monki/fi/?base_grant_url=https%3A%2F%2Fn39.network-auth.com%2Fsplash%2Fgrant&user_continue_url=http%3A%2F%2Fwww.monki.com%2Ffi&node_id=149624929512928&node_mac=88:15:44:c5:ed:e0&gateway_id=149624929512928&client_ip=10.137.242.106&client_mac=a6:e2:2e:00:7c:92", "IP_Address": "40.68.214.185", "HTTP_Code": 200, "Location": "", "Refresh": ""}]