[{"ID": "R", "URL": "http://google.com/generate_204", "IP_Address": "172.217.20.46", "HTTP_Code": 307, "Location": "https://n57.network-auth.com/splash/?mac=0C%3A8D%3ADB%3AC3%3ADA%3AF1&real_ip=21.255.16.106&client_ip=10.98.66.56&client_mac=62:BF:A3:BB:79:59&vap=0&a=0ade7c2cf97f75d009975f4d720d1fa6c19f4897&b=5069232&auth_version=5&key=2036f10824147d2d399dd9bda2fe64feaa976f25&acl_ver=P7678778V2&continue_url=http%3A%2F%2Fgoogle.com%2Fgenerate_204", "Refresh": ""}, {"ID": "RL", "URL": "https://n57.network-auth.com/splash/?mac=0C%3A8D%3ADB%3AC3%3ADA%3AF1&real_ip=21.255.16.106&client_ip=10.98.66.56&client_mac=62:BF:A3:BB:79:59&vap=0&a=0ade7c2cf97f75d009975f4d720d1fa6c19f4897&b=5069232&auth_version=5&key=2036f10824147d2d399dd9bda2fe64feaa976f25&acl_ver=P7678778V2&continue_url=http%3A%2F%2Fgoogle.com%2Fgenerate_204", "IP_Address": "209.206.58.56", "HTTP_Code": 200, "Location": "", "Refresh": ""}]