[{"ID": "R", "URL": "http://google.com/generate_204", "IP_Address": "216.58.207.206", "HTTP_Code": 307, "Location": "https://n192.network-auth.com/splash/?mac=0C%3A8D%3ADB%3A17%3A45%3A71&real_ip=10.124.5.195&client_ip=10.124.5.195&client_mac=F2:B0:7D:B8:F8:95&vap=3&a=5b384ce32d8cdef02bc3a139d4cac0a22bb029e8&b=6128880&auth_version=5&key=e35e0f281bbef318f3a1284fdf9657c7bab53bcf&acl_ver=P1431064V2&continue_url=http%3A%2F%2Fgoogle.com%2Fgenerate_204", "Refresh": ""}, {"ID": "RL", "URL": "https://n192.network-auth.com/splash/?mac=0C%3A8D%3ADB%3A17%3A45%3A71&real_ip=10.124.5.195&client_ip=10.124.5.195&client_mac=F2:B0:7D:B8:F8:95&vap=3&a=5b384ce32d8cdef02bc3a139d4cac0a22bb029e8&b=6128880&auth_version=5&key=e35e0f281bbef318f3a1284fdf9657c7bab53bcf&acl_ver=P1431064V2&continue_url=http%3A%2F%2Fgoogle.com%2Fgenerate_204", "IP_Address": "209.206.57.93", "HTTP_Code": 302, "Location": "https://customers.innorange.fi/manager/kamppi/Kauppakeskus%20Kamppi/?base_grant_url=https%3A%2F%2Fn192.network-auth.com%2Fsplash%2Fgrant&user_continue_url=https%3A%2F%2Fwww.kamppi.fi%2F&node_id=13803405657457&node_mac=0c:8d:db:17:45:71&gateway_id=13803405657457&client_ip=10.124.5.195&client_mac=f2:b0:7d:b8:f8:95", "Refresh": ""}, {"ID": "RLL", "URL": "https://customers.innorange.fi/manager/kamppi/Kauppakeskus%20Kamppi/?base_grant_url=https%3A%2F%2Fn192.network-auth.com%2Fsplash%2Fgrant&user_continue_url=https%3A%2F%2Fwww.kamppi.fi%2F&node_id=13803405657457&node_mac=0c:8d:db:17:45:71&gateway_id=13803405657457&client_ip=10.124.5.195&client_mac=f2:b0:7d:b8:f8:95", "IP_Address": "79.125.24.109", "HTTP_Code": 200, "Location": "", "Refresh": ""}]