[{"ID": "R", "URL": "http://google.com/generate_204", "IP_Address": "172.217.21.174", "HTTP_Code": 307, "Location": "https://n39.network-auth.com/splash/?mac=88%3A15%3A44%3A8D%3A41%3A20&real_ip=192.168.203.56&client_ip=10.43.120.169&client_mac=D6:12:91:60:F0:3D&vap=0&a=98fbc42faedc02492397cb5962ea3a3ffc0a9243&b=15921893&auth_version=5&key=a256cb0900e4dba5ab1622c0ba9b32a4e134517d&acl_ver=P7312418V2&continue_url=http%3A%2F%2Fgoogle.com%2Fgenerate_204", "Refresh": ""}, {"ID": "RL", "URL": "https://n39.network-auth.com/splash/?mac=88%3A15%3A44%3A8D%3A41%3A20&real_ip=192.168.203.56&client_ip=10.43.120.169&client_mac=D6:12:91:60:F0:3D&vap=0&a=98fbc42faedc02492397cb5962ea3a3ffc0a9243&b=15921893&auth_version=5&key=a256cb0900e4dba5ab1622c0ba9b32a4e134517d&acl_ver=P7312418V2&continue_url=http%3A%2F%2Fgoogle.com%2Fgenerate_204", "IP_Address": "209.206.58.85", "HTTP_Code": 302, "Location": "http://splashpage.hm.com/hm/fi/?base_grant_url=https%3A%2F%2Fn39.network-auth.com%2Fsplash%2Fgrant&user_continue_url=https%3A%2F%2Fwww.hm.com&node_id=149624925798688&node_mac=88:15:44:8d:41:20&gateway_id=149624925798688&client_ip=10.43.120.169&client_mac=d6:12:91:60:f0:3d", "Refresh": ""}, {"ID": "RLL", "URL": "http://splashpage.hm.com/hm/fi/?base_grant_url=https%3A%2F%2Fn39.network-auth.com%2Fsplash%2Fgrant&user_continue_url=https%3A%2F%2Fwww.hm.com&node_id=149624925798688&node_mac=88:15:44:8d:41:20&gateway_id=149624925798688&client_ip=10.43.120.169&client_mac=d6:12:91:60:f0:3d", "IP_Address": "40.68.214.185", "HTTP_Code": 200, "Location": "", "Refresh": ""}]