[{"ID": "R", "URL": "http://google.com/generate_204", "IP_Address": "172.217.21.142", "HTTP_Code": 200, "Location": "http://192.0.2.1/fs/customwebauth/login.html?switch_url=http://192.0.2.1/login.html&ap_mac=d4:2c:44:ea:9b:e0&client_mac=da:f4:f0:92:40:df&wlan=mustijamirri&redirect=google.com/generate_204", "Refresh": "http://192.0.2.1/fs/customwebauth/login.html?switch_url=http://192.0.2.1/login.html&ap_mac=d4:2c:44:ea:9b:e0&client_mac=da:f4:f0:92:40:df&wlan=mustijamirri&redirect=google.com/generate_204"}, {"ID": "RR", "URL": "http://192.0.2.1/fs/customwebauth/login.html?switch_url=http://192.0.2.1/login.html&ap_mac=d4:2c:44:ea:9b:e0&client_mac=da:f4:f0:92:40:df&wlan=mustijamirri&redirect=google.com/generate_204", "IP_Address": "192.0.2.1", "HTTP_Code": 200, "Location": "", "Refresh": ""}]