[{"ID": "R", "URL": "http://google.com/generate_204", "IP_Address": "172.217.9.46", "HTTP_Code": 200, "Location": "https://guestportal.clasohlson.eu:8443/portal/gateway?sessionId=c43dc80a001a3581ea3cdd5c&portal=4afcf440-e371-11e6-92ce-005056873bd0&action=cwa&type=drw&token=70db8df317d26ccce37de1eadc4617b5&redirect=google.com/generate_204", "Refresh": "https://guestportal.clasohlson.eu:8443/portal/gateway?sessionId=c43dc80a001a3581ea3cdd5c&portal=4afcf440-e371-11e6-92ce-005056873bd0&action=cwa&type=drw&token=70db8df317d26ccce37de1eadc4617b5&redirect=google.com/generate_204"}, {"ID": "RR", "URL": "https://guestportal.clasohlson.eu:8443/portal/gateway?sessionId=c43dc80a001a3581ea3cdd5c&portal=4afcf440-e371-11e6-92ce-005056873bd0&action=cwa&type=drw&token=70db8df317d26ccce37de1eadc4617b5&redirect=google.com/generate_204", "IP_Address": "194.132.66.35", "HTTP_Code": 302, "Location": "https://guestportal.clasohlson.eu:8443/portal/PortalSetup.action?portal=4afcf440-e371-11e6-92ce-005056873bd0&sessionId=c43dc80a001a3581ea3cdd5c&action=cwa&redirect=google.com%2Fgenerate_204", "Refresh": ""}, {"ID": "RRL", "URL": "https://guestportal.clasohlson.eu:8443/portal/PortalSetup.action?portal=4afcf440-e371-11e6-92ce-005056873bd0&sessionId=c43dc80a001a3581ea3cdd5c&action=cwa&redirect=google.com%2Fgenerate_204", "IP_Address": "194.132.66.35", "HTTP_Code": 200, "Location": "", "Refresh": ""}]