[{"ID": "R", "URL": "http://google.com/generate_204", "IP_Address": "172.217.21.174", "HTTP_Code": 307, "Location": "https://n39.network-auth.com/splash/?mac=88%3A15%3A44%3A8C%3A7F%3A70&real_ip=192.168.206.17&client_ip=10.254.203.117&client_mac=8A:82:46:48:BE:AC&vap=0&a=1f1362ea41d1bc65be321c0a378a20159f9a26d0&b=15400316&auth_version=5&key=8ad5d84fe5016f83d3865517730f5657c08f2b50&acl_ver=P7312418V2&continue_url=http%3A%2F%2Fgoogle.com%2Fgenerate_204", "Refresh": ""}, {"ID": "RL", "URL": "https://n39.network-auth.com/splash/?mac=88%3A15%3A44%3A8C%3A7F%3A70&real_ip=192.168.206.17&client_ip=10.254.203.117&client_mac=8A:82:46:48:BE:AC&vap=0&a=1f1362ea41d1bc65be321c0a378a20159f9a26d0&b=15400316&auth_version=5&key=8ad5d84fe5016f83d3865517730f5657c08f2b50&acl_ver=P7312418V2&continue_url=http%3A%2F%2Fgoogle.com%2Fgenerate_204", "IP_Address": "209.206.58.85", "HTTP_Code": 302, "Location": "http://splashpage.hm.com/hm/fi/?base_grant_url=https%3A%2F%2Fn39.network-auth.com%2Fsplash%2Fgrant&user_continue_url=https%3A%2F%2Fwww.hm.com&node_id=149624925749104&node_mac=88:15:44:8c:7f:70&gateway_id=149624925749104&client_ip=10.254.203.117&client_mac=8a:82:46:48:be:ac", "Refresh": ""}, {"ID": "RLL", "URL": "http://splashpage.hm.com/hm/fi/?base_grant_url=https%3A%2F%2Fn39.network-auth.com%2Fsplash%2Fgrant&user_continue_url=https%3A%2F%2Fwww.hm.com&node_id=149624925749104&node_mac=88:15:44:8c:7f:70&gateway_id=149624925749104&client_ip=10.254.203.117&client_mac=8a:82:46:48:be:ac", "IP_Address": "40.68.214.185", "HTTP_Code": 200, "Location": "", "Refresh": ""}]